project,class_name,max_complexity,qwen3-coder:30b_last_line_coverage,qwen3-coder:30b_last_branch_coverage,qwen3-coder:30b-q8_0_constraints_mcts_last_line_coverage,qwen3-coder:30b-q8_0_constraints_mcts_last_branch_coverage
Time-13f,DateTimeZoneBuilder,17,13.99,7.5,54.55,45.0
Lang-4f,ClassUtils,19,79.6,66.09,79.6,66.09
JacksonDatabind-112f,ClassUtil,15,79.6,66.09,79.6,66.09
Math-2f,QRDecomposition,14,46.75,30.95,58.44,42.86
Math-2f,SummaryStatistics,13,43.75,29.31,90.69,70.69
Math-2f,OrderedTuple,13,87.2,69.15,82.81,67.02
Math-2f,Rotation,25,21.37,18.52,0.0,0.0
JxPath-22f,SimpleCharStream,19,36.31,32.14,38.95,26.79
Time-13f,DateTimeParserBucket,18,18.52,4.84,62.96,46.77
JacksonDatabind-112f,AnnotationIntrospectorPair,14,0.0,0.0,1.44,0.0
JacksonXml-5f,ToXmlGenerator,20,4.68,3.24,18.3,13.89
JacksonCore-26f,JsonStringEncoder,18,14.62,10.58,42.92,44.23
Jsoup-93f,FormElement,12,83.72,73.33,100.0,80.0
Math-2f,TricubicSplineInterpolator,23,100.0,94.44,96.63,88.89
Gson-16f,Excluder,11,37.08,17.07,51.69,28.05
Math-2f,FieldLUDecomposition,12,84.15,85.19,0.0,0.0
Lang-4f,BooleanUtils,16,8.42,5.47,30.53,19.92
Time-13f,ISODateTimeFormat,11,14.63,6.49,14.63,6.49
Time-13f,PeriodFormatterBuilder,26,77.59,60.24,77.59,60.24
JacksonDatabind-112f,StdDateFormat,15,51.41,35.11,70.77,54.96
Lang-4f,RandomStringUtils,16,84.48,91.07,84.48,91.07
Csv-16f,Lexer,14,42.25,38.28,0.0,0.0
Lang-4f,StringUtils,14,9.46,8.46,19.15,17.41
JxPath-22f,DescendantContext,11,0.0,0.0,24.19,7.89
Csv-16f,CSVFormat,25,59.23,41.76,49.23,33.33
Math-2f,RealMatrixFormat,16,49.06,22.73,49.54,22.73
JxPath-22f,PredicateContext,12,0.0,0.0,0.0,0.0
Lang-4f,HashCodeBuilder,11,82.47,71.43,82.47,71.43
Lang-4f,FastDatePrinter,30,64.12,57.84,64.12,57.84
Lang-4f,CompareToBuilder,15,37.5,32.08,37.5,32.08
Math-2f,ProperBigFractionFormat,11,82.09,66.67,0.0,0.0
Jsoup-93f,CharacterReader,11,65.75,55.0,98.43,89.0
Codec-18f,PhoneticEngine,13,89.38,84.09,89.09,86.36
Lang-4f,EqualsBuilder,14,37.4,41.81,72.9,61.64
Codec-18f,Md5Crypt,11,92.42,96.15,0.0,0.0
Math-2f,ArithmeticUtils,14,0.91,1.59,10.34,7.14
Lang-4f,ExtendedMessageFormat,11,12.9,4.5,16.67,8.11
JacksonDatabind-112f,TypeFactory,14,29.29,22.68,32.72,25.65
Time-13f,PeriodType,17,37.5,33.65,94.35,90.38
Math-2f,NaturalRanking,13,58.02,55.36,49.63,44.64
Math-2f,SimpleRegression,13,16.88,8.06,7.94,4.03
Codec-18f,QuotedPrintableCodec,11,43.09,26.83,11.11,4.88
Lang-4f,Conversion,23,13.63,11.18,13.63,11.18
JxPath-22f,JXPathBasicBeanInfo,14,93.33,90.0,95.24,95.0
JxPath-22f,DOMNodePointer,12,0.0,0.0,0.0,0.0
Gson-16f,JsonReader,37,43.37,32.85,43.83,33.05
Codec-18f,DoubleMetaphone,31,44.47,29.68,58.21,46.58
Jsoup-93f,DataUtil,22,11.61,7.0,58.04,35.0
JacksonDatabind-112f,SimpleType,16,67.03,60.0,68.13,64.0
JacksonCore-26f,TokenFilterContext,11,21.01,11.11,24.64,11.11
JacksonDatabind-112f,NumberDeserializers,22,0.0,0.0,0.0,0.0
Collections-28f,IterableUtils,11,95.24,100.0,21.71,25.81
Math-2f,ArrayFieldVector,14,3.1,0.0,0.0,0.0
Gson-16f,JsonTreeReader,23,19.16,13.33,39.52,31.11
Lang-4f,NumericEntityUnescaper,12,0.0,0.0,97.56,83.33
Time-13f,FormatUtils,12,30.97,32.35,44.52,40.2
JacksonCore-26f,NumberInput,12,25.56,17.43,87.22,82.57
Math-2f,FastMath,29,26.69,13.6,29.27,17.88
Gson-16f,Gson,22,0.0,0.0,62.55,35.19
Jsoup-93f,Tag,11,88.24,51.52,89.22,51.52
Math-2f,GaussNewtonOptimizer,16,21.31,11.54,22.03,11.54
JxPath-22f,JDOMNodePointer,12,1.06,0.0,0.0,0.0
Math-2f,BracketingNthOrderBrentSolver,19,68.94,51.52,0.0,0.0
JacksonCore-26f,UTF32Reader,14,56.44,46.67,56.44,46.67
Lang-4f,FieldUtils,18,0.0,0.0,69.23,65.28
Collections-28f,MapUtils,11,3.25,3.19,3.51,4.26
Csv-16f,CSVParser,11,51.46,33.93,60.19,41.07
JacksonDatabind-112f,AnnotatedMethodCollector,15,0.0,0.0,46.43,32.35
Time-13f,Hours,13,93.59,87.5,94.87,90.0
Codec-18f,ColognePhonetic,22,94.19,81.4,72.45,58.14
Lang-4f,LocaleUtils,19,94.51,92.86,95.6,92.86
Math-2f,Frequency,11,79.73,82.14,78.17,76.79
Collections-28f,IteratorUtils,32,12.0,9.86,30.4,25.35
JacksonCore-26f,Base64Variant,14,55.91,43.0,58.18,43.0
Math-2f,DfpMath,28,5.07,3.09,0.0,0.0
Math-2f,Dfp,31,5.07,3.09,0.0,0.0
Math-2f,MillerUpdatingRegression,21,16.99,10.95,20.15,15.33
Math-2f,LUDecomposition,12,76.47,61.11,96.47,90.74
Math-2f,Beta,16,73.33,67.44,91.67,84.88
Lang-4f,ObjectUtils,11,74.22,81.71,79.69,87.8
Collections-28f,PrototypeFactory,16,0.0,0.0,0.0,0.0
Math-2f,BicubicSplineInterpolator,14,100.0,100.0,100.0,100.0
JacksonCore-26f,NameN,15,97.44,93.75,100.0,100.0
Time-13f,Days,12,94.74,92.31,94.74,92.31
JxPath-22f,MethodLookupUtils,16,92.81,83.0,74.15,64.0
JacksonXml-5f,XmlFactory,25,25.0,5.77,25.0,5.77
JacksonCore-26f,ByteSourceJsonBootstrapper,22,0.0,0.0,19.07,11.59
Codec-18f,Base64,11,55.91,43.0,58.18,43.0
Math-2f,OpenIntToDoubleHashMap,15,63.06,52.94,61.78,47.06
JxPath-22f,PackageFunctions,18,86.89,65.0,84.72,57.5
Jsoup-93f,HtmlTreeBuilder,15,2.34,0.48,2.6,0.48
JacksonCore-26f,UTF8JsonGenerator,11,0.76,0.0,19.29,13.61
Math-2f,MathArrays,13,9.79,7.63,3.96,11.65
Collections-28f,Flat3Map,23,56.7,48.97,37.26,27.59
Math-2f,BracketingNthOrderBrentSolverDFP,19,0.0,0.0,0.0,0.0
JxPath-22f,ValueUtils,12,2.44,2.03,2.99,2.7
Jsoup-93f,TokenQueue,12,52.48,50.0,85.82,76.15
Lang-4f,DateUtils,19,17.42,15.14,17.42,15.14
Time-13f,Months,17,94.87,95.45,94.87,95.45
Lang-4f,AnnotationUtils,19,14.04,15.22,34.21,33.7
Math-2f,MultiStartUnivariateOptimizer,12,17.31,10.0,0.0,0.0
Codec-18f,Base32,14,12.65,12.0,66.84,54.67
Math-2f,SmoothingPolynomialBicubicSplineInterpolator,13,96.0,87.5,98.08,90.62
Cli-40f,HelpFormatter,11,53.77,27.87,70.7,55.74
JacksonXml-5f,FromXmlParser,29,5.38,2.68,5.38,2.68
JacksonDatabind-112f,POJOPropertiesCollector,16,0.0,0.0,36.34,23.95
JacksonXml-5f,StaxUtil,12,92.5,82.5,92.5,85.0
JxPath-22f,PropertyIterator,13,0.0,0.0,0.0,0.0
Math-2f,MultivariateNormalMixtureExpectationMaximization,15,0.0,0.0,37.39,35.19
Time-13f,ZoneInfoCompiler,18,0.0,0.0,0.0,0.0
Math-2f,FastFourierTransformer,13,61.27,50.79,0.0,0.0
Math-2f,LoessInterpolator,16,88.79,75.0,0.0,0.0
Cli-40f,PosixParser,11,72.46,48.08,66.67,59.62
Lang-4f,DurationFormatUtils,20,38.91,29.32,71.49,58.65
JacksonCore-26f,ReaderBasedJsonParser,30,0.76,0.0,0.76,0.0
JxPath-22f,BasicTypeConverter,32,26.67,24.53,13.39,12.26
JxPath-22f,Step,15,74.07,58.0,3.03,2.0
JacksonDatabind-112f,ObjectWriter,11,15.07,13.16,31.96,26.32
Jsoup-93f,NodeTraversor,12,56.06,50.0,57.58,52.17
Time-13f,DateTimeFormatterBuilder,30,44.27,36.89,81.77,69.9
Jsoup-93f,Tokeniser,18,38.22,27.66,61.15,45.74
